MoveCount,CameraMove,Move,GripperPickupOwnPieceSuccess,GripperPutdownOwnPieceSuccess,GripperShouldPickupDeadPiece,GripperPickupDeadPieceSuccess,GripperPutdownDeadPieceSuccess,GripperPickupEnemyPiece,GripperPickupEnemyPieceSuccess,GripperPutdownEnemyPieceSuccess,ExtraPickupForCastling,ExtraPickupForCastlingSuccess,AngleOfTransformationMatrixChessboard,AngleOfTransformationMatrixPegs,MovesTriedBeforeSuccess,MostLikelyCameraMove,SecondMostLikelyCameraMove,ThirdMostLikelyCameraMove,MostLikelyCameraMoveScore,SecondMostLikelyCameraMoveScore,ThirdMostLikelyCameraMoveScore,CameraCorrectGreenCornorLocation,CameraCorrectYellowCornorLocation,CameraCorrectRedPegLocation,CameraCorrectYellowPegLocation,RobotManagesToMakeMovement
0,1,e2e4,1,1,0,1,1,0,1,1,0,1,0.378184,-0.087208,1,e4e2,e4e1,e4c7,3.054871,1.943239,1.843353,1,1,1,1,1
0,Null,c7c5,1,1,0,1,1,0,1,1,0,1,Null,Null,Null,Null,Null,Null,Null,Null,Null,1,1,1,1,1
0,1,d2d3,1,1,0,1,1,0,1,1,0,1,0.378184,-0.087208,2,d2e1,d2d3,d2h1,2.504010,2.275681,1.700827,1,1,1,1,1
0,Null,b8c6,1,1,0,1,1,0,1,1,0,1,Null,Null,Null,Null,Null,Null,Null,Null,Null,1,1,1,1,1
0,1,c1f4,1,1,0,1,1,0,1,1,0,1,0.378184,-0.087208,1,c1f4,c1h1,c1g1,3.390398,1.700827,1.700827,1,1,1,1,1
0,Null,g7g6,1,1,0,1,1,0,1,1,0,1,Null,Null,Null,Null,Null,Null,Null,Null,Null,1,1,1,1,1
0,1,b1c3,1,1,0,1,1,0,1,1,0,1,0.378184,-0.087208,1,c3b1,c3h1,c3g1,2.332097,1.700827,1.700827,1,1,1,1,1
0,Null,d7d6,1,1,0,1,1,0,1,1,0,1,Null,Null,Null,Null,Null,Null,Null,Null,Null,1,1,1,1,1
0,1,g1f3,1,1,0,1,1,0,1,1,0,1,0.378184,-0.087208,1,g1f3,g1f2,g1h1,2.398725,1.861922,1.700827,1,1,1,1,1
0,Null,f8g7,1,1,0,1,1,0,1,1,0,1,Null,Null,Null,Null,Null,Null,Null,Null,Null,1,1,1,1,1
0,1,c3d5,1,1,0,1,1,0,1,1,0,1,0.378184,-0.087208,1,c3d5,c3h1,c3g1,2.618037,1.700827,1.700827,1,1,1,1,1
0,Null,g7b2,1,1,0,1,1,1,1,1,0,1,Null,Null,Null,Null,Null,Null,Null,Null,Null,1,1,1,1,1
0,1,a1b1,1,1,0,1,1,0,1,1,0,1,0.378184,-0.087208,1,a1b1,a1h1,a1g1,1.928558,1.700827,1.700827,1,1,1,1,1
0,Null,b2g7,1,1,0,1,1,0,1,1,0,1,Null,Null,Null,Null,Null,Null,Null,Null,Null,1,1,1,1,1
0,1,f1e2,1,1,0,1,1,0,1,1,0,1,0.378184,-0.087208,1,f1e2,f1b5,f1a4,2.363748,2.313850,2.293208,1,1,1,1,1
0,Null,e7e6,1,1,0,1,1,0,1,1,0,1,Null,Null,Null,Null,Null,Null,Null,Null,Null,1,1,1,1,1
0,1,d5e3,1,1,0,1,1,0,1,1,0,1,0.378184,-0.087208,1,e3d5,e3d4,e3c4,3.013694,2.097546,2.044127,1,1,1,1,1
0,Null,g8e7,1,1,0,1,1,0,1,1,0,1,Null,Null,Null,Null,Null,Null,Null,Null,Null,1,1,1,1,1
0,1,wK,1,1,0,1,1,0,1,1,0,1,0.378184,-0.087208,2,e1g1,wK,e1f1,2.639382,2.287588,2.106176,1,1,1,1,1
0,Null,bK,1,1,0,1,1,0,1,1,1,1,Null,Null,Null,Null,Null,Null,Null,Null,Null,1,1,1,1,1
0,1,h2h3,1,1,0,1,1,0,1,1,0,1,0.378184,-0.087208,1,h2h3,h2h1,h2g1,2.446580,1.846491,1.700827,1,1,1,1,1
0,Null,a8b8,1,1,0,1,1,0,1,1,0,1,Null,Null,Null,Null,Null,Null,Null,Null,Null,1,1,1,1,1
0,1,d3d4,1,1,0,1,1,0,1,1,0,1,0.378184,-0.087208,1,d4d3,d4h1,d4g1,2.368505,1.700827,1.700827,1,1,1,1,1
0,Null,c5d4,1,1,0,1,1,1,1,1,0,1,Null,Null,Null,Null,Null,Null,Null,Null,Null,1,1,1,1,1
0,1,e3g4,1,1,0,1,1,0,1,1,0,1,0.378184,-0.087208,1,e3g4,e3e2,e3f2,2.790178,1.918943,1.903458,1,1,1,1,1
0,Null,e6e5,1,1,0,1,1,0,1,1,0,1,Null,Null,Null,Null,Null,Null,Null,Null,Null,1,1,1,1,1
0,1,f4g3,1,1,0,1,1,0,1,1,0,1,0.378184,-0.087208,1,f4g3,f4g3,f4h1,3.126923,2.084615,1.700827,1,1,1,1,1
0,Null,h7h5,1,1,0,1,1,0,1,1,0,1,Null,Null,Null,Null,Null,Null,Null,Null,Null,1,1,1,1,1
0,1,g4h2,1,1,0,1,1,0,1,1,0,1,0.378184,-0.087208,1,g4h2,g4g3,g4h3,3.043679,2.379771,2.264695,1,1,1,1,1
0,Null,d6d5,1,1,0,1,1,0,1,1,0,1,Null,Null,Null,Null,Null,Null,Null,Null,Null,1,1,1,1,1
0,1,d1d3,1,1,0,1,1,0,1,1,0,1,0.378184,-0.087208,1,d3d1,d3c2,d3e2,3.178700,2.289937,2.172753,1,1,1,1,1
0,Null,d5e4,1,1,0,1,1,1,1,1,0,1,Null,Null,Null,Null,Null,Null,Null,Null,Null,1,1,1,1,1
0,1,d3e4,1,1,1,1,1,0,1,1,0,1,0.378184,-0.087208,1,e4d3,e4h1,e4g1,1.918517,1.700827,1.700827,1,1,1,1,1
0,Null,c8f5,1,1,0,1,1,0,1,1,0,1,Null,Null,Null,Null,Null,Null,Null,Null,Null,1,1,1,1,1
0,1,e4h4,1,1,0,1,1,0,1,1,0,1,0.378184,-0.087208,1,h4e4,h4h1,h4d1,2.211687,2.059522,1.947105,1,1,1,1,1
0,Null,f5c2,1,1,0,1,1,1,1,1,0,1,Null,Null,Null,Null,Null,Null,Null,Null,Null,1,1,1,1,1
0,1,b1c1,1,1,0,1,1,0,1,1,0,1,0.378184,-0.087208,27,c1c2,c1c6,c1b7,2.903975,2.884255,2.863844,1,1,1,1,1
0,Null,d4d3,1,1,0,1,1,0,1,1,0,1,Null,Null,Null,Null,Null,Null,Null,Null,Null,1,1,1,1,1
0,1,e2d1,1,1,0,1,1,0,1,1,0,1,0.378184,-0.087208,1,e2d1,e2d3,e2c2,3.210593,2.260234,2.211492,1,1,1,1,1
0,Null,e7f5,1,1,0,1,1,0,1,1,0,1,Null,Null,Null,Null,Null,Null,Null,Null,Null,1,1,1,1,1
0,1,h4e4,1,1,0,1,1,0,1,1,0,1,0.378184,-0.087208,1,h4e4,h4f3,h4g5,2.353660,1.829558,1.829558,1,1,1,1,1
0,Null,d8b6,1,1,0,1,1,0,1,1,0,1,Null,Null,Null,Null,Null,Null,Null,Null,Null,1,1,1,1,1
0,1,d1c2,1,1,1,1,1,0,1,1,0,1,0.378184,-0.087208,1,c2d1,c2h1,c2g1,1.915929,1.700827,1.700827,1,1,1,1,1
0,Null,f5g3,1,1,0,1,1,1,1,1,0,1,Null,Null,Null,Null,Null,Null,Null,Null,Null,1,1,1,1,1
0,1,e4e1,1,1,0,1,1,0,1,1,0,1,0.378184,-0.087208,1,e1e4,e1f3,e1h1,2.079601,1.789302,1.700827,1,1,1,1,1
0,Null,d3c2,1,1,0,1,1,1,1,1,0,1,Null,Null,Null,Null,Null,Null,Null,Null,Null,1,1,1,1,1
0,1,e1e3,1,1,0,1,1,0,1,1,0,1,0.378184,-0.087208,1,e1e3,e1h1,e1g1,3.387118,1.700827,1.700827,1,1,1,1,1
0,Null,b6e3,1,1,0,1,1,1,1,1,0,1,Null,Null,Null,Null,Null,Null,Null,Null,Null,1,1,1,1,1
0,1,f2e3,1,1,1,1,1,0,1,1,0,1,0.378184,-0.087208,1,e3f2,e3g1,e3h1,2.640798,2.071670,1.700827,1,1,1,1,1
0,Null,g3e2,1,1,0,1,1,0,1,1,0,1,Null,Null,Null,Null,Null,Null,Null,Null,Null,1,1,1,1,1
0,1,g1f2,1,1,0,1,1,0,1,1,0,1,0.378184,-0.087208,1,f2g1,f2h1,f2f1,3.166316,1.700827,1.700827,1,1,1,1,1
0,Null,e2c1,1,1,0,1,1,1,1,1,0,1,Null,Null,Null,Null,Null,Null,Null,Null,Null,1,1,1,1,1
0,1,f1c1,1,1,1,1,1,0,1,1,0,1,0.378184,-0.087208,1,c1f1,c1h1,c1g1,2.004098,1.700827,1.700827,1,1,1,1,1
0,Null,e5e4,1,1,0,1,1,0,1,1,0,1,Null,Null,Null,Null,Null,Null,Null,Null,Null,1,1,1,1,1
0,1,c1d1,1,1,0,1,1,0,1,1,0,1,0.378184,-0.087208,1,c1d1,c1h1,c1g1,2.181449,1.700827,1.700827,1,1,1,1,1
0,Null,c2d1,1,1,0,1,1,0,1,1,0,1,Null,Null,Null,Null,Null,Null,Null,Null,Null,1,1,1,1,1
0,1,g2g4,1,1,0,1,1,0,1,1,0,1,0.378184,-0.087208,64,d1g2,d1g4,d1f3,2.630800,2.063395,1.865162,1,1,1,1,1
0,Null,d1c2,1,1,0,1,1,0,1,1,0,1,Null,Null,Null,Null,Null,Null,Null,Null,Null,1,1,1,1,1
0,1,f2g3,1,1,0,1,1,0,1,1,0,1,0.378184,-0.087208,1,f2g3,f2e2,f2e3,3.178175,1.823574,1.823574,1,1,1,1,1
0,Null,h5h4,1,1,0,1,1,0,1,1,0,1,Null,Null,Null,Null,Null,Null,Null,Null,Null,1,1,1,1,1
0,1,g3f4,1,1,0,1,1,0,1,1,0,1,0.378184,-0.087208,1,f4g3,f4g3,f4h1,2.818404,1.878936,1.700827,1,1,1,1,1
0,Null,c2f2,1,1,0,1,1,0,1,1,0,1,Null,Null,Null,Null,Null,Null,Null,Null,Null,1,1,1,1,1
0,1,g4g5,1,1,0,1,1,0,1,1,0,1,0.378184,-0.087208,1,g5g4,g5h1,g5g1,2.467716,1.700827,1.700827,1,1,1,1,1
0,Null,f8e8,1,1,0,1,1,0,1,1,0,1,Null,Null,Null,Null,Null,Null,Null,Null,Null,1,1,1,1,1
0,1,h2g4,1,1,0,1,1,0,1,1,0,1,0.378184,-0.087208,1,h2g4,h2h1,h2g1,3.356923,1.700827,1.700827,1,1,1,1,1
0,Null,f2f3,1,1,0,1,1,1,1,1,0,1,Null,Null,Null,Null,Null,Null,Null,Null,Null,1,1,1,1,1
0,1,e2e4,1,1,0,1,1,0,1,1,0,1,-0.047157,-0.434709,1,e4e2,e4b1,e4h1,2.468497,2.080675,2.020792,1,1,1,1,1
0,Null,c7c5,1,1,0,1,1,0,1,1,0,1,Null,Null,Null,Null,Null,Null,Null,Null,Null,1,1,1,1,1
0,1,d2d3,1,1,0,1,1,0,1,1,0,1,-0.047157,-0.434709,1,d2d3,d2d1,d2c1,2.132926,2.004335,1.954879,1,1,1,1,1
0,Null,b8c6,1,1,0,1,1,0,1,1,0,1,Null,Null,Null,Null,Null,Null,Null,Null,Null,1,1,1,1,1
0,1,b1c3,1,1,0,1,1,0,1,1,0,1,-0.047157,-0.434709,1,c3b1,c3h1,c3g1,2.137920,1.700827,1.700827,1,1,1,1,1
0,Null,g7g6,1,1,0,1,1,0,1,1,0,1,Null,Null,Null,Null,Null,Null,Null,Null,Null,1,1,1,1,1
0,1,c1e3,1,1,0,1,1,0,1,1,0,1,-0.047157,-0.434709,1,c1e3,c1h1,c1g1,3.185518,1.700827,1.700827,1,1,1,1,1
0,Null,d7d6,1,1,0,1,1,0,1,1,0,1,Null,Null,Null,Null,Null,Null,Null,Null,Null,1,1,1,1,1
0,1,b2b3,1,1,0,1,1,0,1,1,0,1,-0.047157,-0.434709,1,b2b3,b2b1,b2a2,2.042852,1.839263,1.839263,1,1,1,1,1
0,Null,f8g7,1,1,0,1,1,0,1,1,0,1,Null,Null,Null,Null,Null,Null,Null,Null,Null,1,1,1,1,1
0,1,d1d2,1,1,0,1,1,0,1,1,0,1,-0.047157,-0.434709,1,d2d1,d2h1,d2g1,2.132571,1.700827,1.700827,1,1,1,1,1
0,Null,f7f5,1,1,0,1,1,0,1,1,0,1,Null,Null,Null,Null,Null,Null,Null,Null,Null,1,1,1,1,1
0,1,g2g3,1,1,0,1,1,0,1,1,0,1,-0.047157,-0.434709,1,g3g2,g3h1,g3g1,2.491042,1.700827,1.700827,1,1,1,1,1
0,Null,f5e4,1,1,0,1,1,1,1,1,0,1,Null,Null,Null,Null,Null,Null,Null,Null,Null,1,1,1,1,1
0,1,d3e4,1,1,1,1,1,0,1,1,0,1,-0.047157,-0.434709,1,e4d3,e4h1,e4g1,1.973046,1.700827,1.700827,1,1,1,1,1
0,Null,d8a5,1,1,0,1,1,0,1,1,0,1,Null,Null,Null,Null,Null,Null,Null,Null,Null,1,1,1,1,1
0,1,b3b4,1,1,0,1,1,0,1,1,0,1,-0.047157,-0.434709,1,b4b3,b4h1,b4g1,2.182491,1.700827,1.700827,1,1,1,1,1
0,Null,c5b4,1,1,0,1,1,1,1,1,0,1,Null,Null,Null,Null,Null,Null,Null,Null,Null,1,1,1,1,1
0,1,c3b5,1,1,0,1,1,0,1,1,0,1,-0.047157,-0.434709,1,c3b5,c3h1,c3g1,2.428725,1.700827,1.700827,1,1,1,1,1
0,Null,g7a1,1,1,0,1,1,1,1,1,0,1,Null,Null,Null,Null,Null,Null,Null,Null,Null,1,1,1,1,1
0,1,f1c4,1,1,0,1,1,0,1,1,0,1,-0.047157,-0.434709,1,f1c4,f1e2,f1e1,3.363354,1.931810,1.907536,1,1,1,1,1
0,Null,a7a6,1,1,0,1,1,0,1,1,0,1,Null,Null,Null,Null,Null,Null,Null,Null,Null,1,1,1,1,1
0,1,b5d4,1,1,0,1,1,0,1,1,0,1,-0.047157,-0.434709,1,d4b5,d4h1,d4g1,2.246650,1.700827,1.700827,1,1,1,1,1
0,Null,a1c3,1,1,0,1,1,0,1,1,0,1,Null,Null,Null,Null,Null,Null,Null,Null,Null,1,1,1,1,1
0,1,d2c3,1,1,1,1,1,0,1,1,0,1,-0.047157,-0.434709,1,c3d2,c3h1,c3g1,2.949734,1.700827,1.700827,1,1,1,1,1
0,Null,b4c3,1,1,0,1,1,1,1,1,0,1,Null,Null,Null,Null,Null,Null,Null,Null,Null,1,1,1,1,1
0,1,c4g8,1,1,1,1,1,0,1,1,0,1,-0.047157,-0.434709,1,g8c4,g8h1,g8g1,2.086455,1.700827,1.700827,1,1,1,1,1
0,Null,c6d4,1,1,0,1,1,1,1,1,0,1,Null,Null,Null,Null,Null,Null,Null,Null,Null,1,1,1,1,1
0,1,e3d4,1,1,1,1,1,0,1,1,0,1,-0.047157,-0.434709,1,d4e3,d4e3,d4h1,2.691302,1.794201,1.700827,1,1,1,1,1
0,Null,h8g8,1,1,0,1,1,1,1,1,0,1,Null,Null,Null,Null,Null,Null,Null,Null,Null,1,1,1,1,1
0,1,g1e2,1,1,0,1,1,0,1,1,0,1,-0.047157,-0.434709,1,g1e2,g1f1,e2f1,3.260187,2.078461,1.936994,1,1,1,1,1
0,Null,c8h3,1,1,0,1,1,0,1,1,0,1,Null,Null,Null,Null,Null,Null,Null,Null,Null,1,1,1,1,1
0,1,d4c3,1,1,1,1,1,0,1,1,0,1,-0.047157,-0.434709,1,c3d4,c3h1,c3g1,2.549562,1.700827,1.700827,1,1,1,1,1
0,Null,a5a2,1,1,0,1,1,1,1,1,0,1,Null,Null,Null,Null,Null,Null,Null,Null,Null,1,1,1,1,1
0,1,e2f4,1,1,0,1,1,0,1,1,0,1,-0.047157,-0.434709,1,f4e2,f4h1,f4g1,2.730699,1.700827,1.700827,1,1,1,1,1
0,Null,a2c2,1,1,0,1,1,1,1,1,0,1,Null,Null,Null,Null,Null,Null,Null,Null,Null,1,1,1,1,1
0,1,f4h3,1,1,1,1,1,0,1,1,0,1,-0.047157,-0.434709,1,h3f4,h3e4,h3d5,2.934064,1.941709,1.941709,1,1,1,1,1
0,Null,c2e4,1,1,0,1,1,1,1,1,0,1,Null,Null,Null,Null,Null,Null,Null,Null,Null,1,1,1,1,1
0,1,e1d2,1,1,0,1,1,0,1,1,0,1,-0.047157,-0.434709,1,d2e1,d2h1,d2g1,2.673989,1.700827,1.700827,1,1,1,1,1
0,Null,e4h1,1,1,0,1,1,1,1,1,0,1,Null,Null,Null,Null,Null,Null,Null,Null,Null,1,1,1,1,1
0,1,h3g5,1,1,0,1,1,0,1,1,0,1,-0.047157,-0.434709,1,h3g5,h3g4,g5g4,3.172883,2.029521,1.800751,1,1,1,1,1
0,Null,h1d5,1,1,0,1,1,0,1,1,0,1,Null,Null,Null,Null,Null,Null,Null,Null,Null,1,1,1,1,1
0,1,d2c2,1,1,0,1,1,0,1,1,0,1,-0.047157,-0.434709,1,d2c2,d2c3,d2b3,2.249952,1.858346,1.810445,1,1,1,1,1
0,Null,d5g5,1,1,0,1,1,1,1,1,0,1,Null,Null,Null,Null,Null,Null,Null,Null,Null,1,1,1,1,1
0,1,c3b4,1,1,0,1,1,0,1,1,0,1,-0.047157,-0.434709,1,b4c3,b4c3,b4c2,2.828961,1.885974,1.871759,1,1,1,1,1
0,Null,a8c8,1,1,0,1,1,0,1,1,0,1,Null,Null,Null,Null,Null,Null,Null,Null,Null,1,1,1,1,1
0,1,c2b3,1,1,0,1,1,0,1,1,0,1,-0.047157,-0.434709,1,c2b3,c2b1,c2c1,3.068965,2.166597,1.917793,1,1,1,1,1
0,Null,g5d5,1,1,0,1,1,0,1,1,0,1,Null,Null,Null,Null,Null,Null,Null,Null,Null,1,1,1,1,1
0,1,b3a3,1,1,0,1,1,0,1,1,0,1,-0.047157,-0.434709,1,a3b3,a3a4,a3h1,2.108008,1.809013,1.700827,1,1,1,1,1
0,Null,d5d3,1,1,0,1,1,0,1,1,0,1,Null,Null,Null,Null,Null,Null,Null,Null,Null,1,1,1,1,1
0,1,a3a2,1,1,0,1,1,0,1,1,0,1,-0.047157,-0.434709,1,a3a2,a3h1,a3g1,2.074231,1.700827,1.700827,1,1,1,1,1
0,Null,c8c2,1,1,0,1,1,0,1,1,0,1,Null,Null,Null,Null,Null,Null,Null,Null,Null,1,1,1,1,1
0,1,a2a1,1,1,0,1,1,0,1,1,0,1,-0.047157,-0.434709,1,a1a2,a1h1,a1g1,2.077376,1.700827,1.700827,1,1,1,1,1
0,Null,d3d1,1,1,0,1,1,0,1,1,0,1,Null,Null,Null,Null,Null,Null,Null,Null,Null,1,1,1,1,1
SUM,60.0,,120.0,120.0,10.0,120.0,120.0,20.0,120.0,120.0,1.0,120.0,11.206832999999982,-14.615006999999993,151.0,,,,155.86580399999994,113.00309000000004,109.10102500000004,120.0,120.0,120.0,120.0,120.0
